<?xml version="1.0" encoding="UTF-8"?>
<metadata xml:lang="en"><Esri><CreaDate>20200921</CreaDate><CreaTime>16460600</CreaTime><ArcGISFormat>1.0</ArcGISFormat><SyncOnce>TRUE</SyncOnce><DataProperties><lineage><Process ToolSource="c:\program files\arcgis\pro\Resources\ArcToolbox\toolboxes\Spatial Analyst Tools.tbx\ExtractByMask" Date="20200810" Time="103709">ExtractByMask NLCD_landcover_2016.img "Town Boundaries" D:\NRS_410\Data\NLCD_2016.img</Process></lineage><itemProps><itemLocation><linkage Sync="TRUE">file://\\JPGIS\F$\Classes\NRS 410\Labs\Lab_3\Data\NLCD_2016.img</linkage><protocol Sync="TRUE">Local Area Network</protocol></itemLocation></itemProps><copyHistory><copy source="D:\NRS_410\Data\NLCD_2016.img" dest="\\JPGIS\F$\Classes\NRS 410\Labs\Lab_3\Data\NLCD_2016.img" date="20200921" time="16460600"></copy></copyHistory></DataProperties></Esri></metadata>
