<?xml version="1.0" encoding="UTF-8"?>
<metadata xml:lang="en"><Esri><CreaDate>20240221</CreaDate><CreaTime>17350200</CreaTime><ArcGISFormat>1.0</ArcGISFormat><SyncOnce>TRUE</SyncOnce><DataProperties><lineage><Process ToolSource="c:\program files\arcgis\pro\Resources\ArcToolbox\toolboxes\Analysis Tools.tbx\Near" Date="20240221" Time="173502">Near C:\GitHub\NRS528_Class\NRS_528_Coding_Challenge_4\Leaking_Underground_Storage_Tanks\Leaking_Underground_Storage_Tanks.shp C:\GitHub\NRS528_Class\NRS_528_Coding_Challenge_4\Wetlands_2020\Wetlands_2020.shp "250 Meters" NO_LOCATION NO_ANGLE Geodesic "NEAR_FID NEAR_FID;NEAR_DIST NEAR_DIST" #</Process><Process ToolSource="c:\program files\arcgis\pro\Resources\ArcToolbox\toolboxes\Analysis Tools.tbx\Near" Date="20240221" Time="174628">Near C:\GitHub\NRS528_Class\NRS_528_Coding_Challenge_4\Leaking_Underground_Storage_Tanks\Leaking_Underground_Storage_Tanks.shp C:\GitHub\NRS528_Class\NRS_528_Coding_Challenge_4\Wetlands_2020\Wetlands_2020.shp "250 Meters" NO_LOCATION NO_ANGLE Geodesic "NEAR_FID NEAR_FID;NEAR_DIST NEAR_DIST" #</Process><Process ToolSource="c:\program files\arcgis\pro\Resources\ArcToolbox\toolboxes\Analysis Tools.tbx\Near" Date="20240221" Time="174740">Near C:\GitHub\NRS528_Class\NRS_528_Coding_Challenge_4\Leaking_Underground_Storage_Tanks\Leaking_Underground_Storage_Tanks.shp C:\GitHub\NRS528_Class\NRS_528_Coding_Challenge_4\Wetlands_2020\Wetlands_2020.shp "100 Meters" NO_LOCATION NO_ANGLE Geodesic "NEAR_FID NEAR_FID;NEAR_DIST NEAR_DIST" #</Process><Process ToolSource="c:\program files\arcgis\pro\Resources\ArcToolbox\toolboxes\Analysis Tools.tbx\Near" Date="20240221" Time="175814">Near C:\GitHub\NRS528_Class\NRS_528_Coding_Challenge_4\Leaking_Underground_Storage_Tanks\Leaking_Underground_Storage_Tanks.shp C:\GitHub\NRS528_Class\NRS_528_Coding_Challenge_4\Wetlands_2020\Wetlands_2020.shp "100 Meters" NO_LOCATION NO_ANGLE Geodesic "NEAR_FID NEAR_FID;NEAR_DIST NEAR_DIST" #</Process><Process ToolSource="c:\program files\arcgis\pro\Resources\ArcToolbox\toolboxes\Analysis Tools.tbx\Near" Date="20240314" Time="003103">Near C:/GitHub/NRS528_Class/NRS_528_Coding_Challenge_4\Leaking_Underground_Storage_Tanks\Leaking_Underground_Storage_Tanks.shp C:/GitHub/NRS528_Class/NRS_528_Coding_Challenge_4\Wetlands_2020\Wetlands_2020.shp "100 Meters" NO_LOCATION NO_ANGLE Geodesic "NEAR_FID NEAR_FID;NEAR_DIST NEAR_DIST" #</Process><Process ToolSource="c:\program files\arcgis\pro\Resources\ArcToolbox\toolboxes\Analysis Tools.tbx\Near" Date="20240402" Time="155857">Near C:/GitHub/NRS528_Class/NRS_528_Coding_Challenge_4\Leaking_Underground_Storage_Tanks\Leaking_Underground_Storage_Tanks.shp C:/GitHub/NRS528_Class/NRS_528_Coding_Challenge_4\Wetlands_2020\Wetlands_2020.shp "100 Meters" NO_LOCATION NO_ANGLE Geodesic "NEAR_FID NEAR_FID;NEAR_DIST NEAR_DIST" #</Process><Process ToolSource="c:\program files\arcgis\pro\Resources\ArcToolbox\toolboxes\Analysis Tools.tbx\Near" Date="20240405" Time="001933">Near C:/GitHub/NRS528_Class/NRS_528_Coding_Challenge_8\Leaking_Underground_Storage_Tanks\Leaking_Underground_Storage_Tanks.shp C:/GitHub/NRS528_Class/NRS_528_Coding_Challenge_8\Wetlands_2020\Wetlands_2020.shp "100 Meters" NO_LOCATION NO_ANGLE Geodesic "NEAR_FID NEAR_FID;NEAR_DIST NEAR_DIST" #</Process><Process ToolSource="c:\program files\arcgis\pro\Resources\ArcToolbox\toolboxes\Analysis Tools.tbx\Near" Date="20240405" Time="002210">Near C:/GitHub/NRS528_Class/NRS_528_Coding_Challenge_8\Leaking_Underground_Storage_Tanks\Leaking_Underground_Storage_Tanks.shp C:/GitHub/NRS528_Class/NRS_528_Coding_Challenge_8\Wetlands_2020\Wetlands_2020.shp "100 Meters" NO_LOCATION NO_ANGLE Geodesic "NEAR_FID NEAR_FID;NEAR_DIST NEAR_DIST" #</Process><Process ToolSource="c:\program files\arcgis\pro\Resources\ArcToolbox\toolboxes\Analysis Tools.tbx\Near" Date="20240405" Time="002236">Near C:/GitHub/NRS528_Class/NRS_528_Coding_Challenge_8\Leaking_Underground_Storage_Tanks\Leaking_Underground_Storage_Tanks.shp C:/GitHub/NRS528_Class/NRS_528_Coding_Challenge_8\Wetlands_2020\Wetlands_2020.shp "100 Meters" NO_LOCATION NO_ANGLE Geodesic "NEAR_FID NEAR_FID;NEAR_DIST NEAR_DIST" #</Process><Process ToolSource="c:\program files\arcgis\pro\Resources\ArcToolbox\toolboxes\Analysis Tools.tbx\Near" Date="20240405" Time="004035">Near C:/GitHub/NRS528_Class/NRS_528_Coding_Challenge_8\Leaking_Underground_Storage_Tanks\Leaking_Underground_Storage_Tanks.shp C:/GitHub/NRS528_Class/NRS_528_Coding_Challenge_8\Wetlands_2020\Wetlands_2020.shp "100 Meters" NO_LOCATION NO_ANGLE Geodesic "NEAR_FID NEAR_FID;NEAR_DIST NEAR_DIST" #</Process><Process ToolSource="c:\program files\arcgis\pro\Resources\ArcToolbox\toolboxes\Analysis Tools.tbx\Near" Date="20240405" Time="004137">Near C:/GitHub/NRS528_Class/NRS_528_Coding_Challenge_8\Leaking_Underground_Storage_Tanks\Leaking_Underground_Storage_Tanks.shp C:/GitHub/NRS528_Class/NRS_528_Coding_Challenge_8\Wetlands_2020\Wetlands_2020.shp "100 Meters" NO_LOCATION NO_ANGLE Geodesic "NEAR_FID NEAR_FID;NEAR_DIST NEAR_DIST" #</Process><Process ToolSource="c:\program files\arcgis\pro\Resources\ArcToolbox\toolboxes\Analysis Tools.tbx\Near" Date="20240405" Time="004409">Near C:/GitHub/NRS528_Class/NRS_528_Coding_Challenge_8\Leaking_Underground_Storage_Tanks\Leaking_Underground_Storage_Tanks.shp C:/GitHub/NRS528_Class/NRS_528_Coding_Challenge_8\Wetlands_2020\Wetlands_2020.shp "100 Meters" NO_LOCATION NO_ANGLE Geodesic "NEAR_FID NEAR_FID;NEAR_DIST NEAR_DIST" #</Process><Process ToolSource="c:\program files\arcgis\pro\Resources\ArcToolbox\toolboxes\Analysis Tools.tbx\Near" Date="20240405" Time="004608">Near C:/GitHub/NRS528_Class/NRS_528_Coding_Challenge_8\Leaking_Underground_Storage_Tanks\Leaking_Underground_Storage_Tanks.shp C:/GitHub/NRS528_Class/NRS_528_Coding_Challenge_8\Wetlands_2020\Wetlands_2020.shp "100 Meters" NO_LOCATION NO_ANGLE Geodesic "NEAR_FID NEAR_FID;NEAR_DIST NEAR_DIST" #</Process><Process ToolSource="c:\program files\arcgis\pro\Resources\ArcToolbox\toolboxes\Analysis Tools.tbx\Near" Date="20240405" Time="004655">Near C:/GitHub/NRS528_Class/NRS_528_Coding_Challenge_8\Leaking_Underground_Storage_Tanks\Leaking_Underground_Storage_Tanks.shp C:/GitHub/NRS528_Class/NRS_528_Coding_Challenge_8\Wetlands_2020\Wetlands_2020.shp "100 Meters" NO_LOCATION NO_ANGLE Geodesic "NEAR_FID NEAR_FID;NEAR_DIST NEAR_DIST" #</Process><Process ToolSource="c:\program files\arcgis\pro\Resources\ArcToolbox\toolboxes\Analysis Tools.tbx\Near" Date="20240405" Time="004728">Near C:/GitHub/NRS528_Class/NRS_528_Coding_Challenge_8\Leaking_Underground_Storage_Tanks\Leaking_Underground_Storage_Tanks.shp C:/GitHub/NRS528_Class/NRS_528_Coding_Challenge_8\Wetlands_2020\Wetlands_2020.shp "100 Meters" NO_LOCATION NO_ANGLE Geodesic "NEAR_FID NEAR_FID;NEAR_DIST NEAR_DIST" #</Process><Process ToolSource="c:\program files\arcgis\pro\Resources\ArcToolbox\toolboxes\Analysis Tools.tbx\Near" Date="20240405" Time="005605">Near C:/GitHub/NRS528_Class/NRS_528_Coding_Challenge_8\Leaking_Underground_Storage_Tanks\Leaking_Underground_Storage_Tanks.shp C:/GitHub/NRS528_Class/NRS_528_Coding_Challenge_8\Wetlands_2020\Wetlands_2020.shp "100 Meters" NO_LOCATION NO_ANGLE Geodesic "NEAR_FID NEAR_FID;NEAR_DIST NEAR_DIST" #</Process><Process ToolSource="c:\program files\arcgis\pro\Resources\ArcToolbox\toolboxes\Analysis Tools.tbx\Near" Date="20240405" Time="005740">Near C:/GitHub/NRS528_Class/NRS_528_Coding_Challenge_8\Leaking_Underground_Storage_Tanks\Leaking_Underground_Storage_Tanks.shp C:/GitHub/NRS528_Class/NRS_528_Coding_Challenge_8\Wetlands_2020\Wetlands_2020.shp "100 Meters" NO_LOCATION NO_ANGLE Geodesic "NEAR_FID NEAR_FID;NEAR_DIST NEAR_DIST" #</Process></lineage></DataProperties></Esri></metadata>
