<?xml version="1.0" encoding="UTF-8"?><metadata>
    <idinfo>
        <citation>
            <citeinfo>
                <origin/>
                <pubdate>20121218</pubdate>
                <title>Leaking Underground Storage Tanks</title>
                <geoform>vector digital data</geoform>
                <pubinfo>
                    <pubplace/>
                    <publish>RIGIS</publish>
                </pubinfo>
                <othercit>Suggested bibliographic reference: RIGIS, 2012. Leaking Underground Tanks in Rhode Island; LUSTs12. Rhode Island Geographic Information System (RIGIS) Data Distribution System, URL: http://www.rigis.org, Environmental Data Center, University of Rhode Island, Kingston, Rhode Island (last date accessed: 30 September 2014).</othercit>
                <onlink>http://services2.arcgis.com/S8zZg9pg23JUEexQ/arcgis/rest/services/Leaking_Underground_Storage_Tanks/FeatureServer</onlink>
                <onlink>http://data.rigis.org/ENV/LUSTs12.zip</onlink>
                <lworkcit>
                    <citeinfo>
                        <pubdate>19930101</pubdate>
                        <title>Rhode Island Geographic Information System (RIGIS) Data Distribution System</title>
                    </citeinfo>
                </lworkcit>
            </citeinfo>
        </citation>
        <descript>
            <abstract>This dataset shows the location of storage tanks and associated piping used for petroleum and certain hazardous substances that have experienced leaks as determined by RIDEM. 

The dataset was designed for the inventory and mapping of hazardous material in Rhode Island.</abstract>
            <purpose>Location of storage tanks and associated piping used for petroleum and certain hazardous substances that have experienced leaks.</purpose>
        </descript>
        <timeperd>
            <timeinfo>
                <rngdates>
                    <begdate>19920101</begdate>
                    <enddate>20121218</enddate>
                </rngdates>
            </timeinfo>
            <current>publication date</current>
        </timeperd>
        <status>
            <progress>In work</progress>
            <update>Irregular</update>
        </status>
        <spdom>
            <bounding>
                <westbc>-71.860899</westbc>
                <eastbc>-71.144033</eastbc>
                <northbc>42.016057</northbc>
                <southbc>41.168857</southbc>
            </bounding>
        </spdom>
        <keywords>
            <theme>
                <themekt>ISO 19115 Topic Category</themekt>
                <themekey>environment</themekey>
            </theme>
            <theme>
                <themekt>None</themekt>
                <themekey>hazardous material</themekey>
                <themekey>leaking underground tanks</themekey>
            </theme>
            <place>
                <placekt>None</placekt>
                <placekey>Rhode Island</placekey>
                <placekey>New England</placekey>
                <placekey>United States</placekey>
                <placekey>Northeast</placekey>
            </place>
        </keywords>
        <accconst>None</accconst>
        <useconst>These data are shared under the RIGIS license agreement, which can be viewed below: This
 dataset is provided 'as is.’ The producer(s) of this dataset, 
contributors to this dataset, the Rhode Island Geographic Information 
System (RIGIS) consortium, the State of Rhode Island, and the University
 of Rhode Island do not make any warranties of any kind for this 
dataset, and are not liable for any loss or damage however and whenever 
caused by any use of this dataset.Please acknowledge both RIGIS 
and the primary producer(s) of this dataset in any derived products.  
Versions of the RIGIS logo suitable for both printed and web-based 
products are available at http://www.rigis.org/logos.</useconst>
        <ptcontac>
            <cntinfo>
                <cntorgp>
                    <cntorg>Rhode Island Department of Environmental Management</cntorg>
                    <cntper>Paul Jordan</cntper>
                </cntorgp>
                <cntpos>Supervising GIS Specialist</cntpos>
                <cntaddr>
                    <addrtype>mailing and physical</addrtype>
                    <address>235 Promenade Street</address>
                    <city>Providence</city>
                    <state>Rhode Island</state>
                    <postal>02908</postal>
                    <country>US</country>
                </cntaddr>
                <cntvoice>401-222-2776 x4315</cntvoice>
                <cntfax>401-222-2069</cntfax>
                <cntemail>paul.jordan@dem.ri.gov</cntemail>
                <hours>8:30am to 4:00pm</hours>
                <cntinst>e-mail is preferred</cntinst>
            </cntinfo>
        </ptcontac>
        <datacred>URI EDC, RIGIS; RI Dept. of Environmental Management</datacred>
        <native>Microsoft Windows 7 Version 6.1 (Build 7601) Service Pack 1; Esri ArcGIS 10.4.1.5686</native>
    </idinfo>
    <dataqual>
        <attracc>
            <attraccr>All records have been verified by RIDEM Office of Waste Management staff for approximate location and attribute accuracy.</attraccr>
        </attracc>
        <logic>Review by UST Staff against file records indicate that all mapped points represent a location where a leak has been detected.</logic>
        <complete>The data currently do not represent all locations known to have had a tank leak as defined by the RIDEM Leaking Underground Storage Tank Program.</complete>
        <lineage>
            <srcinfo>
                <srccite>
                    <citeinfo>
                        <pubdate>20080601</pubdate>
                        <title>E-911 Sites</title>
                    </citeinfo>
                </srccite>
                <typesrc>onLine</typesrc>
                <srccitea>E-911 Sites</srccitea>
                <srccontr>snapping point for L-UST street addresses when specific tank location was unknown.</srccontr>
            </srcinfo>
            <srcinfo>
                <srccite>
                    <citeinfo>
                        <pubdate>20080101</pubdate>
                        <title>2008 Digital Aerial Photography</title>
                    </citeinfo>
                </srccite>
                <srcscale>2400</srcscale>
                <typesrc>onLine</typesrc>
                <srctime>
                    <timeinfo>
                        <sngdate>
                            <caldate>20080815</caldate>
                        </sngdate>
                    </timeinfo>
                    <srccurr>ground condition</srccurr>
                </srctime>
                <srccitea>2008 Digital Aerial Photography</srccitea>
                <srccontr>aerial photo backdrop for heads-up digitizing</srccontr>
            </srcinfo>
            <procstep>
                <procdesc>L-UST locations determined using heads-up digitizing over ESRI / NGS / USGS Topographic map service (XY Source - topo)</procdesc>
            </procstep>
            <procstep>
                <procdesc>L-UST locations determined with post processed differential GPS (XY Source - DGPS)</procdesc>
                <procdate>19991231</procdate>
            </procstep>
            <procstep>
                <procdesc>L-UST locations determined using heads-up digitizing over 2008 RIGIS/E911Photo (XY Source - PHOTO)</procdesc>
                <procdate>20100615</procdate>
            </procstep>
            <procstep>
                <procdesc>L-UST locations determined using heads-up digitizing over 2008 RIGIS/E911Photo and snapped to E911 point features (XY Source - E911)</procdesc>
                <procdate>20100615</procdate>
            </procstep>
            <procstep>
                <procdesc>Data contributed to RIGIS by the Rhode Island Department of Environmental Management. Metadata were reviewed, corrections and updates made to formatting and content, RIGIS distribution information added.</procdesc>
                <procdate>20130123</procdate>
                <proccont>
                    <cntinfo>
                        <cntorgp>
                            <cntorg>University of Rhode Island Environmental Data Center</cntorg>
                            <cntper>Greg Bonynge</cntper>
                        </cntorgp>
                        <cntaddr>
                            <addrtype>mailing and physical</addrtype>
                            <address>1 Greenhouse Road</address>
                            <city>Kingston</city>
                            <state>RI</state>
                            <postal>02881</postal>
                        </cntaddr>
                        <cntvoice>401-874-2180</cntvoice>
                        <cntemail>greg@edc.uri.edu</cntemail>
                        <cntinst>email preferred</cntinst>
                    </cntinfo>
                </proccont>
            </procstep>
        </lineage>
    </dataqual>
    <spdoinfo>
        <direct>Vector</direct>
        <ptvctinf>
            <sdtsterm>
                <sdtstype>Entity point</sdtstype>
                <ptvctcnt>1868</ptvctcnt>
            </sdtsterm>
        </ptvctinf>
    </spdoinfo>
    <eainfo>
        <detailed>
            <enttyp>
                <enttypl>ENV_LUSTs</enttypl>
            </enttyp>
            <attr>
                <attrlabl>OBJECTID</attrlabl>
                <attrdef>Internal feature number.</attrdef>
                <attrdefs>Esri</attrdefs>
                <attrdomv>
                    					
                    <udom>Sequential unique whole numbers that are automatically generated.</udom>
                    				
                </attrdomv>
            </attr>
            <attr>
                <attrlabl>Addrs</attrlabl>
                <attrdef>Street address associated with L-UST location</attrdef>
                <attrdefs>RIDEM</attrdefs>
                <attrdomv>
                    					
                    <udom>Free Text</udom>
                    				
                </attrdomv>
            </attr>
            <attr>
                <attrlabl>NAD83_Lon</attrlabl>
                <attrdef>GCS NAD83 Longitude</attrdef>
                <attrdefs>RIDEM</attrdefs>
            </attr>
            <attr>
                <attrlabl>RISPF_Y</attrlabl>
                <attrdef>Rhode Island State Plane Coordinate NAD83 Northing Value</attrdef>
                <attrdefs>RIDEM</attrdefs>
            </attr>
            <attr>
                <attrlabl>XY_Source</attrlabl>
                <attrdef>Method used to determine lat/lon &amp; spf coordinates for the approximate tank location</attrdef>
                <attrdefs>RIDEM</attrdefs>
                <attrdomv>
                    					
                    <edom>
                        						
                        <edomv>PHOTO</edomv>
                        						
                        <edomvd>The point was digitized over the 2008 RIGIS E911/Pictometry aerial photo and represents the best approximation of the leak location</edomvd>
                        						
                        <edomvds>RIDEM</edomvds>
                        					
                    </edom>
                    				
                </attrdomv>
            </attr>
            <attr>
                <attrlabl>Name</attrlabl>
                <attrdef>Name of facility at time of leak detection</attrdef>
                <attrdefs>RIDEM</attrdefs>
                <attrdomv>
                    					
                    <udom>Free Text</udom>
                    				
                </attrdomv>
            </attr>
            <attr>
                <attrlabl>Status</attrlabl>
                <attrdef>Status of site clean-up</attrdef>
                <attrdefs>RIDEM</attrdefs>
                <attrdomv>
                    					
                    <edom>
                        						
                        <edomv>I</edomv>
                        						
                        <edomvd>Inactive - site remediation complete</edomvd>
                        						
                        <edomvds>RIDEM</edomvds>
                        					
                    </edom>
                    				
                </attrdomv>
            </attr>
            <attr>
                <attrlabl>PrjCode</attrlabl>
                <attrdef>DEM Project File Identifier</attrdef>
                <attrdefs>RIDEM Office of Waste Management</attrdefs>
                <attrdomv>
                    					
                    <udom>Free Text</udom>
                    				
                </attrdomv>
            </attr>
            <attr>
                <attrlabl>Shape</attrlabl>
                <attrdef>Feature geometry.</attrdef>
                <attrdefs>ESRI</attrdefs>
                <attrdomv>
                    					
                    <udom>Coordinates defining the features.</udom>
                    				
                </attrdomv>
            </attr>
            <attr>
                <attrlabl>Date_</attrlabl>
                <attrdef>Calendar data of first RIDEM site response</attrdef>
                <attrdefs>RIDEM</attrdefs>
            </attr>
            <attr>
                <attrlabl>PloverID</attrlabl>
            </attr>
            <attr>
                <attrlabl>Muni</attrlabl>
                <attrdef>RI City or Town associated with L-UST location</attrdef>
                <attrdefs>RIDEM</attrdefs>
            </attr>
            <attr>
                <attrlabl>FacID</attrlabl>
                <attrdef>DEM Internal Database Identifier</attrdef>
                <attrdefs>RIDEM</attrdefs>
                <attrdomv>
                    					
                    <udom>Free Text</udom>
                    				
                </attrdomv>
            </attr>
            <attr>
                <attrlabl>NAD83_Lat</attrlabl>
                <attrdef>GCS NAD83 Latitude</attrdef>
                <attrdefs>RIDEM</attrdefs>
            </attr>
            <attr>
                <attrlabl>RISPF_X</attrlabl>
                <attrdef>Rhode Island State Plane Coordinate NAD83 Easting Value</attrdef>
                <attrdefs>RIDEM</attrdefs>
            </attr>
        </detailed>
    </eainfo>
    <distinfo>
        <distrib>
            <cntinfo>
                <cntorgp>
                    <cntorg>University of Rhode Island Environmental Data Center</cntorg>
                    <cntper>Erica Tefft</cntper>
                </cntorgp>
                <cntaddr>
                    <addrtype>mailing and physical</addrtype>
                    <address>1 Greenhouse Road</address>
                    <city>Kingston</city>
                    <state>RI</state>
                    <postal>02881</postal>
                </cntaddr>
                <cntvoice>401-874-5054</cntvoice>
                <cntemail>erica@edc.uri.edu</cntemail>
                <cntinst>email preferred</cntinst>
            </cntinfo>
        </distrib>
        <distliab>See access and use constraints information.</distliab>
        <stdorder>
            <digform>
                <digtinfo>
                    <formname>Esri shapefile</formname>
                    <filedec>ZIP</filedec>
                </digtinfo>
                <digtopt>
                    <onlinopt>
                        <computer>
                            <networka>
                                <networkr>http://www.rigis.org</networkr>
                            </networka>
                        </computer>
                    </onlinopt>
                </digtopt>
            </digform>
            <fees>No fee for downloading directly from the RIGIS Data Distribution System located at http://www.rigis.org.</fees>
        </stdorder>
    </distinfo>
    <metainfo>
        <metd>20161115</metd>
        <metrd>20130123</metrd>
        <metc>
            <cntinfo>
                <cntorgp>
                    <cntorg>Rhode Island Department of Environmental Management</cntorg>
                    <cntper>Paul Jordan</cntper>
                </cntorgp>
                <cntpos>Supervising GIS Specialist</cntpos>
                <cntaddr>
                    <addrtype>mailing and physical</addrtype>
                    <address>235 Promenade Street</address>
                    <city>Providence</city>
                    <state>Rhode Island</state>
                    <postal>02908</postal>
                    <country>US</country>
                </cntaddr>
                <cntvoice>401-222-2776 x4315</cntvoice>
                <cntfax>401-222-2069</cntfax>
                <cntemail>paul.jordan@dem.ri.gov</cntemail>
                <hours>8:30am to 4:00pm</hours>
                <cntinst>e-mail is preferred</cntinst>
            </cntinfo>
        </metc>
        <metstdn>FGDC Content Standard for Digital Geospatial Metadata</metstdn>
        <metstdv>FGDC-STD-001-1998</metstdv>
        <mettc>local time</mettc>
    </metainfo>
</metadata>
